name_variant,person_id
Ahmad Chohan,ahmad-j-chohan
Ahmad J. Chohan,ahmad-j-chohan
Ahmad J Chohan,ahmad-j-chohan
Rob Adams,robert-adams
Robert Adams,robert-adams
Dan Cox,daniel-cox
Daniel Cox,daniel-cox
Danny Cox,daniel-cox
Jen Hale,jennifer-hale
Jennifer 'Echidna' Hal,jennifer-hale
Jennifer Hale,jennifer-hale
Jeff Palmer,jeffrey-palmer
Jeffery P Palmer,jeffrey-palmer
Jeffrey Palmer,jeffrey-palmer
Dan Price,dan-price
Daniel Jason Price,dan-price
Daniel Price,dan-price
Matt Priestley,matthew-priestley
Matt Priestly,matthew-priestley
Matthew Priestley,matthew-priestley
Matthew Priestly,matthew-priestley
Helen Addis,helen-g-addis
Helen G Addis,helen-g-addis
Helen G. Addis,helen-g-addis
Eric Aguilar,erick-baca-aguilar
Erick Baca Aguilar,erick-baca-aguilar
Peter Ahn,peter-j-ahn
Peter J. Ahn,peter-j-ahn
Michael Allen,michael-allen
Mike Allen,michael-allen
Torey Allen,torey-allen
Torey “Torez” Allen,torey-allen
Matt Ambrosecchio,matthew-ambrosecchio
Matthew Ambrosecchio,matthew-ambrosecchio
Scott Ameling,scott-ameling
Scotty E. Ameling,scott-ameling
Eddie Arriesgado,edward-arriesgado
Edward Arriesgado,edward-arriesgado
Bobby Bath,robbie-bach
Robbie Bach,robbie-bach
Dan Baratta,daniel-baratta
Daniel Baratta,daniel-baratta
Christopher A. Buckley,christopher-a-buckley
Christopher Buckley,christopher-a-buckley
Michael Byron,michael-byron
Mike Byron,michael-byron
Dave Berry,david-cp-berry
David C.P. Berry,david-cp-berry
Aleksandr Bezman,alex-bezman
Alex Bezman,alex-bezman
Garrett Bemis,garrett-bemis
Garrett “The Beems” Bemis,garrett-bemis
Matt Benier,matt-bennier
Matt Bennier,matt-bennier
Matt Bischoff,matt-bischoff
Matthew Bischoff,matt-bischoff
Antonio Bobbit,antonio-bobbitt
Antonio Bobbitt,antonio-bobbitt
Slobodan Bojanic,slobodan-m-bojanic
Slobodan M. Bojanic,slobodan-m-bojanic
Dave Bolton,david-bolton
David Bolton,david-bolton
Michael Boulton,mike-boulton
Mike Boulton,mike-boulton
Rob Bowen,rob-bowen
Robert Bowen,rob-bowen
Andrew Bosold,andrew-bosold
Andy Bosold,andrew-bosold
Jason Bragg,jason-j-bragg
Jason J Bragg,jason-j-bragg
Andrew Breeden,andrew-breeden
Andrew Breedon,andrew-breeden
Dmitriy Brevdo,dmitriy-brevdo
Dmitry Brevdo,dmitriy-brevdo
Brandy O' Briant,brandy-o-briant
Brandy O'Briant,brandy-o-briant
Susan Bunch,susan-bunch
Susan Loreli Bunch,susan-bunch
Thomas D Burdak,thomas-d-burdak
Tom Burdak,thomas-d-burdak
Matt Burns,matthew-burns
Matthew Burns,matthew-burns
Chris Case,chris-case
Christopher Case,chris-case
Matt Call,matthew-call
Matthew Call,matthew-call
Jeff Carnahan,jeff-carnahan
Jeffrey D. Carnahan,jeff-carnahan
Dante Campana,dante-giovanni-campana
Dante Giovanni Campana,dante-giovanni-campana
Matt Campbell,matt-campbell
Matthew Campbell,matt-campbell
Frank Capezzuto,frank-capezzuto
Frank Capezzutto III,frank-capezzuto
Derek Carrol,derek-carroll
Derek Carroll,derek-carroll
Jon ‘ProAceJOKER’ Carroll,jonathan-proacejoker-carroll
"Jonathan ""ProAceJOKER"" Carroll",jonathan-proacejoker-carroll
"Martin ""SMOKE"" Carroll",martin-carroll
Martin Carroll,martin-carroll
Michael Cavanaugh,michael-cavanaugh
Mike Cavanaugh,michael-cavanaugh
Adrian Cho,adrien-cho
Adrien Cho,adrien-cho
Eric C Chan,eric-c-chan
Eric Chan,eric-c-chan
Mark Champigny,mark-champigny
Mark D Champigny,mark-champigny
James Chaytor,james-chaytor
Jim Chaytor,james-chaytor
Kareem Choudhry,kareem-choudhry
Kareem Choudry,kareem-choudhry
Mason Cobb,mason-cobb
Mason “Neighbor” Cobb,mason-cobb
Pete Comley,peter-comley
Peter Comley,peter-comley
Pat Conaboy,patrick-d-conaboy
Patrick D Conaboy,patrick-d-conaboy
Steve Cotten,steve-cotton
Steve Cotton,steve-cotton
Josh Daniels,joshua-daniels
Joshua Daniels,joshua-daniels
James Patrick Davis,james-patrick-davis
Jim Davis,james-patrick-davis
Joshua Davis,joshua-davis
Joshua M. Davis,joshua-davis
Christopher Davies,christopher-davis
Christopher Davis,christopher-davis
Phani Deekshitula,phani-ram-deekshitula
Phani Ram Deekshitula,phani-ram-deekshitula
Rajesh A Deshpande,rajesh-a-deshpande
Rajesh Deshpande,rajesh-a-deshpande
Benjamin Dienes,benjamin-richard-dienes
Benjamin Richard Dienes,benjamin-richard-dienes
John Doyle,john-doyle
Jon Doyle,john-doyle
Elizabeth T Duong,liz-duong
Liz Duong,liz-duong
Valentin Dontsov,valentin-dontstov
Valentin Dontstov,valentin-dontstov
"Brian ""Beard"" Dunn",brian-dunn
Brian Dunn,brian-dunn
Alex Elauria,alexandra-elauria
Alexandra Elauria,alexandra-elauria
Ian Charles Eller,ian-charles-eller
Ian Eller,ian-charles-eller
Daniel Ellis,daniel-ellis
Daniel J. Ellis,daniel-ellis
Paul Featherstone,paul-featherstone
Paul Featherstone Jr.,paul-featherstone
Marco Fernandez,marco-fernandez
Marco Fernando,marco-fernandez
Mark A Folkerts,mark-a-folkerts
Mark Folkerts,mark-a-folkerts
Dave Foster,david-foster
David Foster,david-foster
Chris French,chris-french
Christopher B French,chris-french
Lina Gaeta,lina-sokaite-gaete
Lina Sokaite Gaete,lina-sokaite-gaete
Nicholas Gallagher,nicholas-gallagher
Nick Gallagher,nicholas-gallagher
Daniel Gunn,daniel-v-gunn
Daniel V. Gunn,daniel-v-gunn
Cliff Garrett,clifford-garrett
Clifford Garrett,clifford-garrett
David Garza,david-garza
David R. Garza II,david-garza
Thanet Gasorntip,thanet-ned-gasorntip
Thanet Ned Gasorntip,thanet-ned-gasorntip
Matt Geer,matthew-geer
Matthew Geer,matthew-geer
Francois Boucher-Genesse,franscois-bouchergenesse
Franscois Boucher-Genesse,franscois-bouchergenesse
Nicholas Gerrone,nicholas-gerrone
Nick Gerrone,nicholas-gerrone
Pat Gillette,patrick-gillette
Patrick Gillette,patrick-gillette
Victor Glyanenko,victor-glyanenko
Viktor Glyanenko,victor-glyanenko
Diego Alejandro Gomez,diego-alejandro-gomez
Diego Gomez,diego-alejandro-gomez
Jose Gonzalez,jose-gonzalez
"José Antonio ""MexicanMerty"" González",jose-gonzalez
Andrew Goosen,andrew-goossen
Andrew Goossen,andrew-goossen
Chris Gosset,chris-gossett
Chris Gossett,chris-gossett
Paul Gradwohl,paul-gradwohl
Paul Gradwohl (Test),paul-gradwohl
Paul H. Gradwohl,paul-gradwohl
Wesley Grandmont III,wesley-h-grandmont-iii
Wesley H. Grandmont III,wesley-h-grandmont-iii
Justin Greywolf,justin-m-greywolf
Justin M Greywolf,justin-m-greywolf
Andrey Grigorev,andrey-grigoriev
Andrey Grigoriev,andrey-grigoriev
James Guard,james-guarda
James Guarda,james-guarda
Wan Hao,wang-hao
Wang Hao,wang-hao
Greg Haas,gregory-haas
Gregory Haas,gregory-haas
Gregory Hass,gregory-haas
Andrew C Hampton,andrew-hampton
Andrew Hampton,andrew-hampton
Chris Hands,chris-hands
Christopher Hands,chris-hands
Roger Hansen,roger-j-hansen
Roger J. Hansen,roger-j-hansen
Chris Herrman,chris-herrman
Christopher P Herrman,chris-herrman
Tahir Hasandjekic,tahir-hasandjekic
Tahir “Tashi” Hasandjekic,tahir-hasandjekic
Jon Hathaway,jonathan-w-hathaway
Jonathan W Hathaway,jonathan-w-hathaway
Jonathan W. Hathaway,jonathan-w-hathaway
Kyle C Hefley,kyle-hefley
Kyle Hefley,kyle-hefley
Stephen Heijster,stephen-heijster
Steve Heijster,stephen-heijster
Richie Heinz,richie-heinz-jr
Richie Heinz Jr.,richie-heinz-jr
Andrew A. Hesky,andrew-hesky
Andrew Hesky,andrew-hesky
Eric Hewitt,eric-hewitt
Eric “GH057ayame” Hewitt,eric-hewitt
Ron Hippe,ron-hippe
Ronald Hippe,ron-hippe
Josh Hnosko,joshua-hnosko
Joshua Hnosko,joshua-hnosko
Richard Hoberg,richard-hoberg
Rick Hoberg,richard-hoberg
Thomas J Holmes,thomas-j-holmes
Thomas J. Holmes,thomas-j-holmes
Tom Holmes,thomas-j-holmes
Chris Howard,chris-howard
Christopher Howard,chris-howard
Adam D Hughes,adam-d-hughes
Adam Hughes,adam-d-hughes
Matt Igaz,matthew-igaz
Matthew Igaz,matthew-igaz
Ray Jactthar,raymundo-jactthar
Raymundo Jactthar,raymundo-jactthar
Greg B. Jones,greg-b-jones
Greg Jones,greg-b-jones
Nate Jones,nate-jones
Nathan A Jones,nate-jones
Micah Jelberg,micah-jelmburg
Micah Jelmburg,micah-jelmburg
Wan Jing,wan-jing
Wang Jin,wan-jing
Erika Johnson,erika-l-johnson
Erika L. Johnson,erika-l-johnson
Rob Johnson,rob-johnson
Rob Johnston,rob-johnson
Vartan Karakashyan,vartan-karakashyan
Vartan “Killer V” Karakashyan,vartan-karakashyan
Phil Kauffman,philip-kauffman
Philip Kauffman,philip-kauffman
Nicholas A. Koller,nicholas-a-koller
Nick Koller,nicholas-a-koller
Patrick O' Kelley,patrick-o-kelley
Patrick O'Kelley,patrick-o-kelley
Mikey Kelley,mikey-kelley
Mikey Kelly,mikey-kelley
Sean Kelley,sean-kelley
Sean Kelly,sean-kelley
Chris Kennedy,christopher-kennedy
Christopher Kennedy,christopher-kennedy
John H Konkle,john-konkle
John Konkle,john-konkle
Mateusz Eryk Kubas,mateusz-eryk-kubas
Mateusz Kubas,mateusz-eryk-kubas
Pavan Kumar Kurimilla,pavan-kumar-kurimilla
Pavan Kurimilla,pavan-kumar-kurimilla
Aleksander Kuznetsov,aleksander-kuznetsov
Aleksandr Kuznetsov,aleksander-kuznetsov
In Goo Kwan,in-goo-kwon
In Goo Kwon,in-goo-kwon
Seok Ki Kwon,seok-ki-kwon
Seokki Kwon,seok-ki-kwon
Justin Lakin,justin-lankin
Justin Lakin [Xversity],justin-lankin
Justin Lankin,justin-lankin
Robert Lin,robert-lin
Robert Shih-Wei Lin,robert-lin
Estaban Lora,esteban-lora
Esteban Lora,esteban-lora
Juan Carlos Larrea,juan-carlos-larrea
JuanCarlos Larrea,juan-carlos-larrea
"Andy ""Bibi"" LeVelle",andy-levelle
Andy LeVelle,andy-levelle
Jordan Lewis,jordan-s-lewis
Jordan S. Lewis,jordan-s-lewis
Dave Lieber,david-lieber
David Lieber,david-lieber
Josh Lindquist,josh-lindquist
Joshua Lindquist,josh-lindquist
Jon Lobaugh,jon-lobaugh
Jonathan Lobaugh,jon-lobaugh
Ryan Lucas,ryan-murphy-lucas
Ryan Murphy Lucas,ryan-murphy-lucas
Andy Ludke,andy-luedke
Andy Luedke,andy-luedke
Cody Luitjens,cody-m-luitjens
Cody M Luitjens,cody-m-luitjens
Zack Maser,zackery-maser
Zackery Maser,zackery-maser
Kenny B Magnusson,kenny-magnusson
Kenny Magnusson,kenny-magnusson
"Patrick ""Maka91Productions"" Maka",patrick-maka91productions-maka
Patrick ‘Maka91’ Maka,patrick-maka91productions-maka
Michael W Malyuk,mike-malyuk
Mike Malyuk,mike-malyuk
Daniel Maret,daniel-maret
Daniel Maret III,daniel-maret
Josh Marvel,josh-marvel
Joshua Marvel,josh-marvel
Caitie McCaffrey,caitie-mccaffrey
Catie McCaffrey,caitie-mccaffrey
Matt Mejias,matthew-mejias
Matthew Mejias,matthew-mejias
Lawrence C Metten,lawrence-c-metten
Lawrence Metten,lawrence-c-metten
Nathan K Miller,nathan-k-miller
Nathan Miller,nathan-k-miller
Michael Milota,michael-milota
Mike Milota,michael-milota
Dave B. Mitchell,dave-mitchell
Dave Mitchell,dave-mitchell
Shaf Mohamedali,shafaqut-mohamedali
Shafaqut Mohamedali,shafaqut-mohamedali
Dimitri Martinez-Molzen,dimitri-martinezmolzen
Dimitri Molzen,dimitri-martinezmolzen
Alyson Dee More,alyson-dee-more
Alyson Moore,alyson-dee-more
Greg Murphy,gregory-murphy
Gregory Murphy,gregory-murphy
Andrew J. Nack,andrew-j-nack
Andrew Nack,andrew-j-nack
Dmitriy Nazarov,dmitriy-nazarov
Dmitry Nazimov,dmitriy-nazarov
Eric Neustadeter,eric-neustadter
Eric Neustadter,eric-neustadter
Adam J. Nielsen,adam-nielsen
Adam Nielsen,adam-nielsen
Thomas Oakes,thomas-r-oakes
Thomas R Oakes,thomas-r-oakes
Kevin G. Ochsner,kevin-g-ochsner
Kevin Ochsner,kevin-g-ochsner
Masad Okamoto,masao-okamoto
Masao Okamoto,masao-okamoto
Omar Omar,omar-omar
Omar ‘omarlotrc’ Omar,omar-omar
Chris Opdahl,chris-opdahl
Christopher Opdahl,chris-opdahl
Mitch Osias,mitchell-osias
Mitchell Osias,mitchell-osias
Liz Ostasiewsk,liz-ostasiewski
Liz Ostasiewski,liz-ostasiewski
Tobias Osterhaug,tobias-osterhaugh
Tobias Osterhaugh,tobias-osterhaugh
Kevin Paul,kevin-paul
Kevin “KP” Paul,kevin-paul
Brady 'XLR8' Parmer,brady-parmer
Brady Parmer,brady-parmer
Adam Peterson,adam-peterson
Adam R Peterson,adam-peterson
Ryan B. Peterson,ryan-b-peterson
Ryan Peterson,ryan-b-peterson
"Fredrik ""Fidde"" Persson",fredrik-persson
Fredrik Persson,fredrik-persson
George C. Pelletier,george-pelletier
George Pelletier,george-pelletier
Veronica Peshtarianu,veronica-peshtarianu
Veronica Peshterianu,veronica-peshtarianu
Chad L Pfarr,chad-pfarr
Chad Pfarr,chad-pfarr
Dan Phillips,dan-phillips
Daniel Phillips,dan-phillips
Justin Charles Phillips,justin-charles-phillips
Justin Phillips,justin-charles-phillips
Kieran Phillips,kieran-phillips
Kieran “Lenox” Phillips,kieran-phillips
Jeremiah Pieschel,jeremiah-pieschl
Jeremiah Pieschl,jeremiah-pieschl
Jeff Pineda,jeff-pineda-jr
Jeff Pineda Jr.,jeff-pineda-jr
Andre Podnozov,andre-podnozov
Andre V. Podnozov,andre-podnozov
Nicholas Powell,nicholas-powell
Nick Powell,nicholas-powell
Dave Prout,david-prout
David Prout,david-prout
Primo Adriano Pulanco,primo-adriano-pulanco
Primo Pulanco,primo-adriano-pulanco
Michael E. Puoci,michael-e-puoci
Mike Puoci,michael-e-puoci
Nancey Ramsey,nancey-ramsey
Nancy Ramsey,nancey-ramsey
Peter Raynolds,peter-raynolds
Peter Reynolds,peter-raynolds
Brian K Richards,brian-k-richards
Brian Richards,brian-k-richards
Gerardo Alberto De La Cruz Rivera,gerardo-alberto-de-la-cruz-rivera
Gerardo De La Cruz,gerardo-alberto-de-la-cruz-rivera
Gerardo De La Cruz Rivera,gerardo-alberto-de-la-cruz-rivera
Steven Rivera,steven-t-rivera
Steven T Rivera,steven-t-rivera
Albert A Robles,albert-a-robles
Albert Robles,albert-a-robles
Albert Robles (Design),albert-a-robles
Josh Rodgers,fireteam-gameplay-mechanic
Joshua Rodgers,fireteam-gameplay-mechanic
Rob Rodi,rob-rodi
Robert L. Rodi,rob-rodi
Javier Rodriguez,javier-rodriguez
Xavier Rodriguez,javier-rodriguez
Carol Roscoe,carol-roscoe
Carol Roscue,carol-roscoe
Jessi Ruselowski,jessi-ruselowski
Jessica Ruselowski,jessi-ruselowski
Clint Rutkas,clinton-e-rutkas
Clinton E. Rutkas,clinton-e-rutkas
Devin A Rychetnik,devin-a-rychetnik
Devin A. Rychetnik,devin-a-rychetnik
Devin Rychetnik,devin-a-rychetnik
Richard Saadat,richard-saadat
Richard Saadt,richard-saadat
Thomas Saville,thomas-saville
Tom Saville,thomas-saville
Kevin Salcedo,kevin-salcedo
Kevin Salocedo,kevin-salcedo
Kat Sanders,kathleen-sanders
Kathleen Sanders,kathleen-sanders
Robert J Sanchez,robert-sanchez
Robert Sanchez,robert-sanchez
Matt Schaffter,matthew-schaffter
Matthew Schaffter,matthew-schaffter
Stephen A Schuckenbrock,stephen-a-schuckenbrock
Stephen Schuckenbrock,stephen-a-schuckenbrock
Jonathan C Schwartz,jonathan-schwartz
Jonathan Schwartz,jonathan-schwartz
Steve Scott,steve-scott
Steven Scott,steve-scott
Matt Segur,matt-segur
Matthew Segur,matt-segur
Patrick Seitz,patrick-steitz
Patrick Steitz,patrick-steitz
Alex Seropian,alexander-seropian
Alexander Seropian,alexander-seropian
Martin J. Sleeman,martin-j-sleeman
Martin Sleeman,martin-j-sleeman
Garret Skelton,garrett-skelton
Garrett Skelton,garrett-skelton
Matt Shimkus,matthew-shimkus
Matthew Shimkus,matthew-shimkus
Sergei S. Shinkevich,sergei-s-shinkevich
Sergei Shinkevich,sergei-s-shinkevich
Manju Shivanna,manjunatha-shivanna
Manjunatha Shivanna,manjunatha-shivanna
Rob Shoff,rob-shoff
Robert Shoff,rob-shoff
Steve Silvester,steve-silvester
Steven Silvester,steve-silvester
Jerome Simpson,jerome-simpson
Jerry Simpson,jerome-simpson
Ian Ralph Slutz,ian-ralph-slutz
Ian Slutz,ian-ralph-slutz
Devon M Smith,devon-m-smith
Devon M. Smith,devon-m-smith
Devon Smith,devon-m-smith
Eddie Smith,eddie-smith-iii
Eddie Smith III,eddie-smith-iii
Jacob R Snyder,jacob-snyder
Jacob Snyder,jacob-snyder
Andrew Solomon,andrew-solomon
Drew Solomon,andrew-solomon
Joe Spataro,joseph-spataro
Joseph Spataro,joseph-spataro
Jesse D. Squire,jesse-d-squire
Jesse Squire,jesse-d-squire
Mangal Srinivasamurthy,mangaleswari-srinivasamurthy
Mangaleswari Srinivasamurthy,mangaleswari-srinivasamurthy
Joe Stifferman,joe-stifferman
Joe Sufferman,joe-stifferman
Alison Stroll,allison-stroll
Allison Stroll,allison-stroll
Victor Stupko,victor-stupko
Viktor Stupko,victor-stupko
Sean Swidersky,sean-swidersky
Sean “DeRsKy” Swidersky,sean-swidersky
Russell E Swinhart,russell-e-swinhart
Russell E. Swinhart,russell-e-swinhart
Russell Swinhart,russell-e-swinhart
Vincent Chia Lun Tsai,vincent-chia-lun-tsai
Vincent Tsai,vincent-chia-lun-tsai
Elena Tarnovskaia,elena-tarnovskaia
Elena Tarnovskaya,elena-tarnovskaia
Ken Taya,kentarou-taya
Kentarou Taya,kentarou-taya
Bryan J. Thomas,bryan-j-thomas
Bryan Thomas,bryan-j-thomas
Ben Thompson,benjamin-thompson
Benjamin Thompson,benjamin-thompson
Michael Tipul,michael-tipul
Mike Tipul,michael-tipul
Ephrem M Tolla,ephrem-m-tolla
Ephrem Tolla,ephrem-m-tolla
David O Tuft,david-tuft
David Tuft,david-tuft
Clayton A Tye,clayton-tye
Clayton Tye,clayton-tye
Dan Valey,daniel-valey
Daniel Valey,daniel-valey
James Veevaert,jim-veevaert
Jim Veevaert,jim-veevaert
Alex Wakeford,alex-wakeford
Alex ‘Haruspis’ Wakeford,alex-wakeford
Adam H. Wong,adam-h-wong
Adam Wong,adam-h-wong
Charles Robert Webb,charles-robert-webb
Charles Webb,charles-robert-webb
Chris Welden,chris-welden
Christopher C. Welden,chris-welden
Russell L West,russell-l-west
Russell West,russell-l-west
Matt Whiting,matt-whiting
Matt Witting,matt-whiting
Michael R. Williams,michael-williams
Michael Williams,michael-williams
Tim Williams,tim-williams
Timothy Williams,tim-williams
Robert M. Wilson,robert-m-wilson
Robert Wilson,robert-m-wilson
Benjamin J. Wommack,benjamin-j-wommack
Benjamin Wommack,benjamin-j-wommack
Jon Wood,jon-wood
Jonathan Wood,jon-wood
Andrew ‘Rem-AG’ Woodruff,andrew-remag-woodruff
"Drew ""Remtendo"" Woodruff",andrew-remag-woodruff
Damian Jevon Yates,damian-jevon-yates
Damian Yates,damian-jevon-yates
Salvatorre Yazzie,salvatorre-zee-yazzie
Salvatorre Zee Yazzie,salvatorre-zee-yazzie
Brannon J Zahand,brannon-j-zahand
Brannon Zahand,brannon-j-zahand
Cameron Laborde Zank,cameron-laborde-zank
Cameron Laborde-Zank,cameron-laborde-zank
Joshua 'GreenKnight' Zeller,joshua-zeller
Joshua Zeller,joshua-zeller
Zhen Zhang,zheng-zhong
Zheng Zhong,zheng-zhong
Jason Keith,jason-keith
Jason Keith [Aquent],jason-keith
Chris Wilson,chris-wilson
Chris Wilson [Volt],chris-wilson
Michael Durkin,michael-durkin
Michael Durkin [Volt],michael-durkin
Michael Sechrist,michael-sechrist
Michael Sechrist [Volt],michael-sechrist
Paul Morris,paul-morris
Paul Morris [Volt],paul-morris
Nathan Rodland,nathan-rodland
Nathan Rodland [Xversity],nathan-rodland
Mike Hoffman,mike-hoffman
Mike Hoffman [Aquent],mike-hoffman
John Roesch,john-roesch-mpse
John Roesch MPSE,john-roesch-mpse
Steve Chon,steve-chon
Steve Chon [Two degrees],steve-chon
David Bai,david-bai
David Bai [Volt],david-bai
Justin Ewert,justin-ewert
Justin Ewert [Excell],justin-ewert
Eddie Nunez,eddie-nunez
Eddie Nunez [Volt],eddie-nunez
Aaron Nicholls,aaron-nicholls
Aaron Nicholls (Engineering),aaron-nicholls
Matt Lichy,matt-lichy
Matt Lichy [Aquent],matt-lichy
Kevin Dalziel,kevin-dalziel
Kevin Dalziel [Filter],kevin-dalziel
Andrew Hopper,andrew-hopper
Andrew Hopper [Comsys],andrew-hopper
Mark Uyeda,mark-uyeda
Mark Uyeda [Volt],mark-uyeda
Matthew Frederick,matthew-frederick-ketchum
Matthew Frederick Ketchum,matthew-frederick-ketchum
Oliver Regueiro,oliver-regueiro-fernandez
Oliver Regueiro Fernandez,oliver-regueiro-fernandez
Jeannie Voirin,jeannie-voiringerde
Jeannie Voirin-Gerde,jeannie-voiringerde
Carlos Naranjo,carlos-naranjo
Carlos Naranjo [Aquent],carlos-naranjo
Loren Broach,loren-broach
Loren Broach [Aquent],loren-broach
Ray Broscovak,ray-broscovak
Ray Broscovak [Filter],ray-broscovak
Erik Bertellotti,erik-bertellotti
Erik Bertellotti [Perhapsatron],erik-bertellotti
Erik Torres,erik-torres-aguilar
Erik Torres Aguilar,erik-torres-aguilar
Richard Chen,richard-chen
Richard Chen [Comsys],richard-chen
Seth Gibson,seth-gibson
Seth Gibson (Tech Art),seth-gibson
Cullen Bradley,cullen-bradley
Cullen Bradley [Excell],cullen-bradley
Joel Day,joel-day
Joel Day [Volt],joel-day
Tomonori Kinoshita,tomonori-kinoshita
Tomonori Kinoshita [Excell],tomonori-kinoshita
Lionel Ward,lionel-ward
Lionel Ward [Excell],lionel-ward
Stosh Steward,stosh-steward
Stosh Steward [Two degrees],stosh-steward
Davina Chan,davina-chan-gallagher
Davina Chan Gallagher,davina-chan-gallagher
Christine Edwards,christine-edwards
Christine Edwards [Two degrees],christine-edwards
Kari Erickson,kari-erickson
Kari Erickson [Independent],kari-erickson
Kutta Srinivasan,kutta-srinivasan
Kutta Srinivasan (Engineering),kutta-srinivasan
Alicia Brattin,alicia-brattin
Alicia Brattin (Business),alicia-brattin
Bonnie Ross,bonnie-ross
Bonnie Ross Ziegler,bonnie-ross
"Sarah Jessica ""OathxX"" Harris",sarah-jessica-oathxx-harris
Sarah Jessica 'OathxX',sarah-jessica-oathxx-harris
Tonya Noerr,tonya-noerr-tornberg
Tonya Noerr Tornberg,tonya-noerr-tornberg
Ted Fitzgerald,ted-fitzgerald
Ted Fitzgerald (Production),ted-fitzgerald
Clay Akazawa,clay-akazawa
Clay Akazawa (IT),clay-akazawa
Oswaldo Hernandez,oswaldo-hernandez-gonzalez
Oswaldo Hernández González,oswaldo-hernandez-gonzalez
Kaitlin Lissandrello,kaitlin-lissandrello-brown
Kaitlin Lissandrello Brown,kaitlin-lissandrello-brown
Jay Miller,jayson-miller
Jayson Miller,jayson-miller
Andrew Dudynsky,andrew-dudynsky
Andy Dudynsky,andrew-dudynsky
Nico Cargo,nico-cueto-cargo
Nico Cueto Cargo,nico-cueto-cargo
Christopher Carney,christopher-carney
Christopher Carnry,christopher-carney
Christopher Daltas,chris-daltas-excell
Chris Daltas [Excell],chris-daltas-excell
Nate Johnson,nate-johnson
Nathan Johnson,nate-johnson
Will Morton,will-morton
William Morton,will-morton
Ed Reyes,ed-reyes-medina
Ed Reyes Medina,ed-reyes-medina
Andrew Thomas,andrew-thomas
Drew Thomas,andrew-thomas
Bryan O. Watkins,bryan-o-watkins
Bryan Watkins,bryan-o-watkins
Jose Rivera Zambrano,jose-rivera-zambrano
Jose Rivera-Zambrano,jose-rivera-zambrano
Andy 'Bravo' Dudynsky,andrew-dudynsky
Andy ‘Bravo’ Dudynsky,andrew-dudynsky
Andy “Bravo” Dudynsky,andrew-dudynsky
Matt Benedict,matt-benedict
Matthew Benedict,matt-benedict
Thomas Hill,tom-hill
Tom Hill,tom-hill
"Scott Martin Gershin, MPSE, IESD",scott-martin-gershin
Scott Martin Gershin,scott-martin-gershin
Mark D. Andersen,mark-andersen
Mark A. Anderson,mark-anderson
David Johnson,david-dj-johnson
Daniel M. Ayoub,dan-ayoub
Jay Juneau,jay-el-jefe-maestro-juneau
Bonnie Ross-Ziegler,bonnie-ross
Michael Cimprich,mike-cimprich
Kamel Dupuis-Perez,kamel-perez
Andre J. H. Zweers,andre-zweers
Victor Romasevich,victor-romansevich
Eliot R. Connors,eliot-connors
Jeffrey Wilhoit,jeff-wilhoit
William Beaman,william-chip-beaman
Josh Jensen,josh-jash-jensen
James Ku,james-kuk
Daniel Alexander Garcia,dani-garcia
Nick Whitmire,nicholas-whitmire
Danny Young,dann-yeung
James Park,james-parks
Peter Wildman,peter-wilman
John Schratz,jonathan-schwartz
Joshua Powers,josh-powers
Wimolrat Tangtiphongkul,wimolrat-nikki-tangtiphongkul
Joshua Wilkinson,josh-wilkinson
Rolf M. Mohr,rolf-mohr
Charlie Wiederhold,charles-wiederhold
Robert Arlauskas,bobby-arlauskas
Matt Mills,matthew-mills
Anton Vasilev,anton-m-vasilev
Georgiy Juravlev,george-juravlev
Dmitry Kholodov,dmitriy-kholodov
Dmitriy Volkov,dmitry-volkov
Yuriy Chernysh,yuriy-chernyish
Vyacheslav Dementjev,vyacheslav-dementev
Maxim Alekseev,maksim-alekseev
Alexander Artemenko,aleksandr-artemenko
Alexander Myala,aleksandr-myala
Alexander Kuznetsov,aleksander-kuznetsov
Georgii Paute,georgiy-paute
Dmitry Jempala,dmitriy-jempala
Dmitriy Pisminsky,dmitriy-pisminskiy
Margarita Sarksyan,margarita-sargsyan
Daniel Sioui,daniel-sioul
Aaron Scott Hildebrandt,aaron-hildebrandt
Pamela S. Chow,pamela-chow
Lyndon H. Moore III,lyndon-moore
Ahmad Javed Chohan,ahmad-j-chohan
Josh Breese,joshua-breese
Amanda Lynn Brewer,amanda-brewer
Gregrey Sevilla,greg-sevilla
Ronnie Thornley,ronnie-thornley-iii
Anthony S. Price,anthony-price
Błażej Zawadzki,blazej-zawadzki
Kamil Bazydło,kamil-bazydlo
Rajeev Nattam,raj-nattam
William O'Brian,william-obrien
Dorje Bellbrook,dorje-seattle-bellbrook
Stephen Theodore,steve-theodore
Lee R. Wilson,lee-wilson
Daniel Miller,dan-miller
Charles Gough,charlie-gough
Adrian Mark Perez,adrian-perez
Matthew Seiji Burns,matthew-burns
James Parks III,james-parks
Donald McGowan,don-mcgowan
Robert Aguilera,robert-agulera
Michael Mournier,michael-mourner
Emile Ghorayeb,emilio-ghorayeb
Nadine Lavoie,nadine-lavdie
Mike Kitchen,michael-kitchen
Andrew J. Orloff,andrew-orloff
Daniel Callan,dan-callan
Michael Axworthy,mike-axworthy
Christopher W. Greenhaw,christopher-greenhaw
Brian Meloy,brian-meldy
Jason R. Keith,jason-keith
Charles E. Shuler Jr.,charles-shuler-jr
Joe Sifferman,joe-stifferman
Micah C. Jelmberg,micah-jelmburg
Joe Kelsay,joe-claw-kelsay
James M. Costello,james-costello
Brandon Edsforth,brandon-eosforth
David Frederick White,david-white
Steven Jay Blum,steve-blum
Geoffrey Lazer Ramsey,geoff-ramsey
Clifford Allen Garrett,clifford-garrett
Stephen James Smith,steve-smith
Vicor Tan,victor-tan
Peter-Pike Sloan,peter-pike-sloan
Matthew Whiting,matt-whiting
Kris Moreno,kris-morend
Darrell Frost,darrel-frost
Andy Liu,andy-chen-an-liu
Russell Almond,russ-almond
Hardy F. LeBel Sr.,hardy-lebel
Stephen Okasaki,stephan-okasaki
Chris Y. J. Lee,chris-lee
Matthew Soell,matt-soell
Dawn Hershey,dawn-hershey-csa
Esmerelda McQuillan,esmeralda-mcquillan
Chuck Blevens,chuck-bievens
Michael Baldwin,mike-baldwin
Brian Hargrave,bryan-hargrave
Gerry Jackson,gerald-jackson
Andra Ion Niculescu,andra-niculescu
Jerrome Simpson,jerome-simpson
Arturo Gutierrez Jr.,arturo-adam-gutierrez-jr
Adrien Annesley,adrian-annesley
Cameron David Folds,cameron-folds
Hakeem Kae-Kazim,hakeem-kae-kazin
Dave Wittenberg,dave-wittenburg
Aaron Elliott,aaron-elliot
Christopher Lee,chris-lee
Taylor Smith Sr.,taylor-smith
Paul R. Chavez,paul-chavez
David C. Holmes,david-holmes
Donald A. Mattrick,don-mattrick
Mark Flieg Jr.,mark-flieg
Nile Rodgers,niles-rogers
Andrew Firth,andy-firth
Phil Kauffmann,philip-kauffman
Ken Malcom,ken-malcolm
Samuel Heine,sam-heine
Esequiel Ramon Garcia,esequiel-garcia
Anthony Vaccaro,anthony-vacarro
Jason Garris Jones,jason-jones
Josh Anderson,joshua-anderson
Andrew Howell,andy-howell
Carole J. Ruggier,carole-ruggier
Marcella Lentz Pope,marcella-lentzpope
Philip Anthony-Rodriguez,phillip-anthony-rodriguez
Amanda Philipson,amanda-phillipson
Patrick Gallagher,patrick-gallagher
Courtenay Kellen Taylor,courtenay-taylor
Hans Altweis,hans-altwies
Noah P. Musler,noah-musler
Michael Stout,mike-stout
Kyungsik Hwang,kyung-sik-hwang
Vincent Chia-Lun Tsai,vincent-chia-lun-tsai
Christopher Barker,chris-barker
Matt Bombard,matthew-bombard
Robert Campbell,bob-bobdor-campbell
Kyle Green,kyle-greene
Scott Kenkelborg,scott-kankelborg
Andrea Luigi Francesco Giolito,andrea-giolito
Steven Kastner,steve-kastner
Jeff Rivait,jeff-rivalt
Timo Sulzle,timo-sulzie
Cindy Tomkins,cindy-tompkins
Raymond Almaden,ray-almaden
Quentin Rezin,quentin-arnold-rezin
Lindsay Morgan Lockhart,morgan-lockhart
Andrew Luedke,andy-luedke
Lina Sokaite Gaeta,lina-sokaite-gaete
Douglas Barnes,doug-barnes
Dominick Humphrey,dom-humphrey
Thomas Scholes,thom-scholes
John Salvatore Wallin Liberto,john-wallin-liberto
David Lesperance,dave-lesperance
Timothy Diaz,tim-diaz
Nathan Gregory,nate-gregory
Kimberly A. Haines,kim-haines
Benjamin Harrison,ben-harrison
Christopher Lomaka,chris-lomaka
Michael Murrill,mike-murrill
Jonathan Woods,jon-wood
Joe Olson,joseph-olson
Michael E. Pucci,michael-e-puoci
Zach Thomas,zachary-thomas
Alyson Szymanski,alyson-zippy-szymanski
Raymond Butchko,ray-butchko
Andrew McWillians,andrew-mcwilliams
Jonathan Adams,john-adams
Nicholas I. Hart,nicholas-hart
Johnathan Ochs,jonathan-ochs
Ioana Preda,iona-preda
Tim Rowsey,timothy-rowsey
Matthew C. Brown,matthew-brown
Jon Rook,jonathon-rook
Jeremy Holland-Smith,jeremy-holland-smith
Christopher Parker,chris-parker
Martin Owens,martin-owen
Steve Juliani,steven-juliani
Benjamin Diskin,ben-diskin
Catherine Davis Higgins,kate-higgins
Isaac C. Singleton Jr.,isaac-singleton
David B. Fouquette,dave-fouquette
Richard Steven Horvitz,richard-horvitz
David B. Mitchell,dave-mitchell
Matthew J. Brown,matthew-brown
Steven Jones,steve-jones
Benjamin Mark Nicholas,ben-nicholas
Mark Nicolino,mark-nicolina
Kenny Magnussen,kenny-magnusson
Hanhee Hailey Lee,hanhee-lee
Matthew Osbond,matt-osbond
Matthew Sutherlin,matt-sutherlin
Robert Austin,rob-austin
Casey Marissa Wu,casey-wu
John T. Evans,john-evans
Steven Boyce,steve-boyce
Baabak Nassirrian,baabak-nassirian
Brian Sulpicio Roque Larcena,brian-sulpicio-larcena
Crystal N. Thelin,crystal-thelin
Thomas Bowers,thomas-bowes
David Daniels,dave-daniels
Stephen Mair,steve-mair
Peter Smith,pete-smith
Mike Patti,michael-patti
Anne-Katherin Dern,annekatherine-dern
Cenda Kotzmann,cenda-katzman
James D. Mortellaro,jamie-mortellaro
Alyson Dee Moore,alyson-dee-more
Mary Jo Lang,maryjo-lang
Roland N. Thai,roland-thai
John Paul Fasal,john-fasal
Ikechukwu Prince Amadi,ike-amadi
John Eric Bentley,john-bentley
Kimberly D. Brooks,kimberly-brooks
Anthony Hansen,anthony-hanson
Brandon James Keener,brandon-keener
Jason J. Lewis,jason-lewis
Michelle C. Lee,michelle-lee
Mike C. Hall,michael-hill
Angelita R. Wylie,angel-wylie
Daniel Tafaro,dan-tafaro
Benjamin Mauro,ben-mauro
Zackry Lee,zack-lee
Espen Sætervik,espen-saetervik
Michael Rodriguez,mike-rodriguez
William Gray,william-harry-gray
Michael Puoci,michael-e-puoci
Nicholas D'Amato,nick-damato
Paxson Helgesen,pax-helgesen
Colin Andrew Grant,colin-grant
Adam T. Croft,adam-croft
Andrew J. Witts,andrew-witts
Stéphane D. LeBrun,stephane-lebrun
Daniel White,dan-white
James Osborne,jamie-osborne
Saul D. Rodriguez Vazquez,saul-rodriguez-vazquez
Garret B. Hoffman,garret-hoffman
Ilya Kushin,ilya-kulshin
Joshua Hoida,josh-hoida
Joseph Park,joe-park
Andrew David Adam,andy-adam
Michael Romero,mike-romero
Anirudh Shastry,ani-shastry
Karim A. Luccin,karim-luccin
Ching-Yen Lin,chingyen-tim-lin
Phillip Dettorre,phil-dettorre
Jon David Stevens,jon-stevens
Zachary Lute,zach-lute
Matthew Johnson,matt-johnson
Gregory Stone,greg-stone
David Ellison,david-vaughn-ellison
Daniel Joji Koons,daniel-koons
Robert Reidburn,rob-reidburn
John M. Adams,john-adams
Tristan Campbell,tristian-campbell
Samantha Cooperman,sam-cooperman
Adam Landy,adam-landry
Matthes Maas,matthew-maas
Timothy C. Wells,timothy-wells
Allison Foote-Nagy,allison-nagy
Jack Elliot,jack-elliott
Deepali Bhagvat,deepali-bhaqvat
Joseph Ferstl,joe-ferstl
Edward Masiello,ed-masiello
Nico Cueto-Cargo',nico-caro
Christopher Swindle,chris-swindle
Matthew Kaminsky,matt-kaminsky
Roxanna Ortega,roxana-ortega
Julian D. Stone,julian-stone
Matthew J. Waterson,matthew-waterson
Robert King,rob-king
Jesus C. Murillo,jesus-murillo
Rob Blake,robert-blake
Carlon Jesse Assells,carlon-assells
David Andrew Shipps,david-shipps
Vladislav Boyadjiev,vladislav-boyadzhiev
Matthew Maas,matthew-maas
Zach Lute,zach-lute
Steve Boyce,steve-boyce
Espen Saetervik,espen-saetervik
Michael Kitchen,michael-kitchen
Andy Adam,andy-adam
Kris Morend,kris-morend
Kamel Perez,kamel-perez
Pax Helgesen,pax-helgesen
Roland Thai,roland-thai
Nadine Lavdie,nadine-lavdie
Steve Jones,steve-jones
Josh Wilkinson,josh-wilkinson
Steve Blum,steve-blum
Mike Axworthy,mike-axworthy
Anthony Hanson,anthony-hanson
Charles Wiederhold,charles-wiederhold
Jonathan Ochs,jonathan-ochs
Jeff Rivalt,jeff-rivalt
Timo Sulzie,timo-sulzie
Cindy Tompkins,cindy-tompkins
David Holmes,david-holmes
John Wallin Liberto,john-wallin-liberto
Mark Nicolina,mark-nicolina
Zachary Thomas,zachary-thomas
Aleksandr Artemenko,aleksandr-artemenko
Emilio Ghorayeb,emilio-ghorayeb
Andy Chen An Liu,andy-chen-an-liu
Phillip Anthony Rodriguez,phillip-anthony-rodriguez
Cenda Katzman,cenda-katzman
Steve Mair,steve-mair
Joe Park,joe-park
Eliot Connors,eliot-connors
Rob Reidburn,rob-reidburn
Mike Cimprich,mike-cimprich
Dave Lesperance,dave-lesperance
Matt Johnson,matt-johnson
Brian Sulpicio Larcena,brian-sulpicio-larcena
Esmeralda McQuillan,esmeralda-mcquillan
Ilya Kulshin,ilya-kulshin
Jason Jones,jason-jones
Rob Austin,rob-austin
Adam Landry,adam-landry
Dan Miller,dan-miller
Kim Haines,kim-haines
Dom Humphrey,dom-humphrey
Ray Butchko,ray-butchko
George Juravlev,george-juravlev
Peter Pike Sloan,peter-pike-sloan
Julian Stone,julian-stone
Jonathon Rook,jonathon-rook
Brandon Eosforth,brandon-eosforth
Richard Horvitz,richard-horvitz
Ben Diskin,ben-diskin
Kyung Sik Hwang,kyung-sik-hwang
Chris Parker,chris-parker
Yuriy Chernyish,yuriy-chernyish
Brian Meldy,brian-meldy
Jay “El Jefe Maestro” Juneau,jay-el-jefe-maestro-juneau
Timothy Rowsey,timothy-rowsey
Steven Juliani,steven-juliani
Ronnie Thornley III,ronnie-thornley-iii
Dani Garcia,dani-garcia
Isaac Singleton,isaac-singleton
Steve Kastner,steve-kastner
Amanda Brewer,amanda-brewer
Georgiy Paute,georgiy-paute
Kamil Bazydlo,kamil-bazydlo
Dan Callan,dan-callan
Pamela Chow,pamela-chow
Gerald Jackson,gerald-jackson
Jeff Wilhoit,jeff-wilhoit
Matt Osbond,matt-osbond
Bob Bobdor Campbell,bob-bobdor-campbell
MaryJo Lang,maryjo-lang
Dan White,dan-white
Alyson ''Zippy'' Szymanski,alyson-zippy-szymanski
Matt Soell,matt-soell
Carlon Assells,carlon-assells
Thom Scholes,thom-scholes
Nick D'Amato,nick-damato
Dan Tafaro,dan-tafaro
"William ""Chip"" Beaman",william-chip-beaman
Raj Nattam,raj-nattam
Aleksandr Myala,aleksandr-myala
Ray Almaden,ray-almaden
Aaron Hildebrandt,aaron-hildebrandt
Andra Niculescu,andra-niculescu
Joe Ferstl,joe-ferstl
Iona Preda,iona-preda
Dmitriy Pisminskiy,dmitriy-pisminskiy
Charles Shuler Jr.,charles-shuler-jr
Mark Andersen,mark-andersen
Lyndon Moore,lyndon-moore
William O'Brien,william-obrien
Casey Wu,casey-wu
Mike Rodriguez,mike-rodriguez
Wimolrat (Nikki) Tangtiphongkul,wimolrat-nikki-tangtiphongkul
Scott Kankelborg,scott-kankelborg
James Kuk,james-kuk
Matthew Waterson,matthew-waterson
Saul Rodriguez Vazquez,saul-rodriguez-vazquez
Andre Zweers,andre-zweers
Victor Tan,victor-tan
"Joe ""Claw"" Kelsay",joe-claw-kelsay
Michelle Lee,michelle-lee
Roxana Ortega,roxana-ortega
Timothy Wells,timothy-wells
Mike Murrill,mike-murrill
Rob King,rob-king
Dmitry Volkov,dmitry-volkov
"William ""Harry"" Gray",william-harry-gray
Jeremy Holland Smith,jeremy-holland-smith
Charlie Gough,charlie-gough
Greg Sevilla,greg-sevilla
Nico Caro,nico-caro
Mike Baldwin,mike-baldwin
Jon Stevens,jon-stevens
Stephane LeBrun,stephane-lebrun
Arturo [Adam] Gutierrez Jr.,arturo-adam-gutierrez-jr
Ani Shastry,ani-shastry
Daniel Koons,daniel-koons
John Adams,john-adams
Andrew Orloff,andrew-orloff
Phil Dettorre,phil-dettorre
Carole Ruggier,carole-ruggier
Pete Smith,pete-smith
Ben Harrison,ben-harrison
Ken Malcolm,ken-malcolm
Andrea Giolito,andrea-giolito
Peter Wilman,peter-wilman
Jamie Mortellaro,jamie-mortellaro
Zack Lee,zack-lee
Dave Fouquette,dave-fouquette
Andrew Witts,andrew-witts
Jamie Osborne,jamie-osborne
Russ Almond,russ-almond
Ed Masiello,ed-masiello
Aaron Elliot,aaron-elliot
Martin Owen,martin-owen
Daniel Sioul,daniel-sioul
Victor Romansevich,victor-romansevich
Tim Diaz,tim-diaz
Anton M. Vasilev,anton-m-vasilev
Hardy LeBel,hardy-lebel
Amanda Phillipson,amanda-phillipson
Baabak Nassirian,baabak-nassirian
Crystal Thelin,crystal-thelin
John Evans,john-evans
Joshua Anderson,joshua-anderson
Anthony Price,anthony-price
Bobby Arlauskas,bobby-arlauskas
Chuck Bievens,chuck-bievens
Geoff Ramsey,geoff-ramsey
Lee Wilson,lee-wilson
Kate Higgins,kate-higgins
Dave Daniels,dave-daniels
Adrian Annesley,adrian-annesley
Hanhee Lee,hanhee-lee
Maksim Alekseev,maksim-alekseev
Josh Hoida,josh-hoida
Hans Altwies,hans-altwies
Joseph Olson,joseph-olson
Vladislav Boyadzhiev,vladislav-boyadzhiev
Michael Hill,michael-hill
Mike Romero,mike-romero
Sam Cooperman,sam-cooperman
Chris Swindle,chris-swindle
Steve Theodore,steve-theodore
Taylor Smith,taylor-smith
Don McGowan,don-mcgowan
Adam Croft,adam-croft
Dann Yeung,dann-yeung
Thomas Bowes,thomas-bowes
John Fasal,john-fasal
Garret Hoffman,garret-hoffman
Noah Musler,noah-musler
Tristian Campbell,tristian-campbell
Courtenay Taylor,courtenay-taylor
Margarita Sargsyan,margarita-sargsyan
Jason Lewis,jason-lewis
Nicholas Whitmire,nicholas-whitmire
James Parks,james-parks
Matthew Bombard,matthew-bombard
Robert Agulera,robert-agulera
Christopher Greenhaw,christopher-greenhaw
Ben Mauro,ben-mauro
Deepali Bhaqvat,deepali-bhaqvat
Ching-Yen (Tim) Lin,chingyen-tim-lin
Anne-Katherine Dern,annekatherine-dern
Stephan Okasaki,stephan-okasaki
Matt Kaminsky,matt-kaminsky
Don Mattrick,don-mattrick
Blażej Zawadzki,blazej-zawadzki
Mark Anderson,mark-anderson
Dave Wittenburg,dave-wittenburg
Nicholas Hart,nicholas-hart
David White,david-white
Chris Lee,chris-lee
Ike Amadi,ike-amadi
Dmitriy Kholodov,dmitriy-kholodov
Karim Luccin,karim-luccin
Dan Ayoub,dan-ayoub
Adrian Perez,adrian-perez
Doug Barnes,doug-barnes
"Josh ""Jash"" Jensen",josh-jash-jensen
David (DJ) Johnson,david-dj-johnson
Michael Mourner,michael-mourner
Brandon Keener,brandon-keener
Kyle Greene,kyle-greene
Josh Powers,josh-powers
Dmitriy Jempala,dmitriy-jempala
Andrew McWilliams,andrew-mcwilliams
Matthew Mills,matthew-mills
Cameron Folds,cameron-folds
Robert Blake,robert-blake
"Dawn Hershey, C.S.A.",dawn-hershey-csa
Mark Flieg,mark-flieg
Marcella Lentz-Pope,marcella-lentzpope
Nate Gregory,nate-gregory
Michael Patti,michael-patti
John Bentley,john-bentley
Vyacheslav Dementev,vyacheslav-dementev
Joshua Breese,joshua-breese
Chris Barker,chris-barker
Greg Stone,greg-stone
Matthew Brown,matthew-brown
Paul Chavez,paul-chavez
Darrel Frost,darrel-frost
Mike Stout,mike-stout
Steve Smith,steve-smith
Andy Howell,andy-howell
Ben Nicholas,ben-nicholas
Sam Heine,sam-heine
Andy Firth,andy-firth
Angel Wylie,angel-wylie
Niles Rogers,niles-rogers
Jack Elliott,jack-elliott
Hakeem Kae Kazin,hakeem-kae-kazin
Jesus Murillo,jesus-murillo
Quentin Arnold Rezin,quentin-arnold-rezin
"Alyson ""Zippy"" Szymanski",alyson-zippy-szymanski
Kimberly Brooks,kimberly-brooks
Anthony Vacarro,anthony-vacarro
David Shipps,david-shipps
Colin Grant,colin-grant
Matt Sutherlin,matt-sutherlin
Rolf Mohr,rolf-mohr
Allison Nagy,allison-nagy
David (Vaughn) Ellison,david-vaughn-ellison
Chris Lomaka,chris-lomaka
Esequiel Garcia,esequiel-garcia
James Costello,james-costello
Dorje Seattle Bellbrook,dorje-seattle-bellbrook
Bryan Hargrave,bryan-hargrave
Bill O' Brien,william-obrien
Bill O'Brien,william-obrien
Lindsay Lockhart,morgan-lockhart
Patrick Galagher,patrick-gallagher
Scott Gershin,scott-martin-gershin
William Charles Makra,will-makra
Michael Chomicki,mike-chomicki
Michael Janes,mike-janes
Ted McIlwain,ted-mollwain
Thomas Fuller,tom-fuller
Aurore O. Merlin,aurore-merlin
Łukasz Strzelec,lukasz-strzelec
Nickolas Kolunov,nikolas-kolunov
Kuang-Sheng Huang,kuang-sheng-huang
Alison Harmatuk,ali-harmatuk
Michael W. Weilbacher,michael-weilbacher
Jack Ryder-Robinson,jack-ryder-robinson
Peter Quickert,pete-quickert
Matt B. Chang,matt-chang
Jennifer Estrada,jen-estrada
Xavier Anthony,xavier-antony
Matthew V. Booty,matt-booty
Nate W. Brown,nate-brown
Anthony Brian,anthony-bryan
Michael Cerullo,mike-cerullo
Timothy Chen,tim-chen
Jon Gill,jonathan-gill
David McCarthy,dave-mccarthy
Gustavo H. Mendonça,gus-mendonca
William M. Mozell,will-mozell
Satya Narayana Nadella,satya-nadella
Richard L. Seaborne,richard-seaborne
Jonathan Segal,jonathan-segall
Kristin A. Siu,kristin-siu
Alexander D. Wilson,alex-wilson
Makoa Kenji Robles,makos-kenji-robles
Flynn Xavier John Sanchez,flynn-zavier-john-sanchez
Ryan D. O'Connor,ryan-oconnor
Tomos Hywel-Evans,tomos-hywel-evans
Daniel Calleja,dani-calleja
Jose Vicente de María Martínez,jose-martinez
Milan Nilolic,milan-nikolic
Daniel Sutton,dan-sutton
Jonathan Malloy,jon-malloy
Matthew Witter,matt-witter
Aaron Hamilton Cook,aaron-cook
Tristan Parrish Moore,tristan-moore
Peter Petraitis,pete-petraitis
Richard Vogel,rich-vogel
Marwan Y. Ansari,marwan-ansari
Rachael Jaye Schulz,rachael-schulz
Anthony Garcia Jr.,anthony-garcia
Ananda Banerjee,anando-banerjee
Joshua Sturgis,josh-sturgis
Josh Edward Harvey,josh-harvey
Mario Colindras,mario-colindres
Jason C. Baskett,jason-baskett
Suzanne D. Atherly,suzanne-atherly
Joram Jacob L. Cruz,joram-jacob-cruz
Kenneth F. Camaro,kenneth-camaro
Aimy Anne V. Calilung,aimy-calilung
Daniel Johnson Staton,daniel-staton
Bobby Ranvir Bath,robbie-bach
Julia Alas,julio-alas
Cynthia Jansen,cynthia-jensen
Julian Yio,julian-yip
Pedro Camacho D'Andrea,pedro-dandrea
Timothy Hinds,tim-hinds
Kevin Yi-Chia Hsu,kevin-hsu
Paul Everett Baker,paul-baker
Evgeny Zaporozhets,evgeniy-zaporozhets
Alexey Dmitriev,alexei-dmitriev
Evgeniya Cherkasova,evgenia-cherkasova
Dimitriy Volkovskiy,dmitriy-volkovskiy
Anton Zhikharsky,anton-zhikharskiy
Michael Marraffa,mike-marraffa
Hugo Gutierrez Mares,hugo-mares
Michael Crump,mike-crump
Miguel A. Barragán Castro,miguel-barragan-castro
William Cheng,william-chang
Timothy Dean,tim-dean
Nate J. Marler,nate-marler
Christian Klepac,chris-klepac
Timothy Staton-Davis,tim-statondavis
Joshua B. Davis,joshua-davis
David Lawson,dave-lawson
David O'Tuft,david-tuft
Alex Mejia,alexander-mejia
Steven Ball,steven-bell
Michael W. Smith,mike-smith
Michael Cavanagh,michael-cavanaugh
Kenny Cameron,kenny-stckrboy-cameron
Jon Carroll,jonathan-proacejoker-carroll
Rachel Davidson,rachel-cardinalredbird-davidson
Jonathan Dubeau,jonathan-vetoed-dubeau
Dan Hammill,dan-greenskull-hammill
Jennifer Hochstedler,jennifer-moto-hochstedler
Alexander Hope,alexander-shyway-hope
Taras Hrebinka,taras-latenightgaming-hrebinka
Colton King,colton-favyn-king
Brett Leonard,brett-naded-leonard
Patrick Maka,patrick-maka91productions-maka
Nick McMordie,nick-ubernick-mcmordie
Dustin Pettigrew,dustin-dust-storm-pettigrew
Michael Roberts,michael-viper-skills-roberts
Connor White,connor-gigz-white
Andrew Woodruff,andrew-remag-woodruff
Jon Clarke,jon-sikamikanico-clarke
Sean Hodgins,sean-forge-labs-hodgins
Fritz Lombardi,fritz-mythicfritz-lombardi
Arturo Pérez,arturo-arturbloodshot-perez
Matt Willis,matt-nitroo-willis
Tina Painton-Clark,tina-painton-clark
Liliolani P. Blazier,lilliolani-p-blazier
Jeffrey Guyton,jeff-guyton
Elizabeth Ostasiewski,liz-ostasiewski
Matthew Cookson,matt-cookson
Anthony Bryan,anthony-bryan
Xavier Antony,xavier-antony
Will Makra,will-makra
Mike Chomicki,mike-chomicki
Mike Janes,mike-janes
Ted Mollwain,ted-mollwain
Tom Fuller,tom-fuller
Aurore Merlin,aurore-merlin
Lukasz Strzelec,lukasz-strzelec
Nikolas Kolunov,nikolas-kolunov
Kuang Sheng Huang,kuang-sheng-huang
Ali Harmatuk,ali-harmatuk
Michael Weilbacher,michael-weilbacher
Jack Ryder Robinson,jack-ryder-robinson
Ryan O'Connor,ryan-oconnor
Pete Quickert,pete-quickert
Matt Chang,matt-chang
Jen Estrada,jen-estrada
Matt Booty,matt-booty
Nate Brown,nate-brown
Mike Cerullo,mike-cerullo
Tim Chen,tim-chen
Jonathan Gill,jonathan-gill
Dave McCarthy,dave-mccarthy
Gus Mendonca,gus-mendonca
Will Mozell,will-mozell
Satya Nadella,satya-nadella
Richard Seaborne,richard-seaborne
Jonathan Segall,jonathan-segall
Kristin Siu,kristin-siu
Alex Wilson,alex-wilson
Makos Kenji Robles,makos-kenji-robles
Flynn Zavier John Sanchez,flynn-zavier-john-sanchez
Tim Hinds,tim-hinds
"Arturo ""ArturBloodshot"" Pérez",arturo-arturbloodshot-perez
"Colton ""Favyn"" King",colton-favyn-king
"Dustin ""Dust Storm"" Pettigrew",dustin-dust-storm-pettigrew
"Jennifer ""Moto"" Hochstedler",jennifer-moto-hochstedler
"Kenny ""stckrboy"" Cameron",kenny-stckrboy-cameron
"Michael ""Viper Skills"" Roberts",michael-viper-skills-roberts
"Nick ""UberNick"" McMordie",nick-ubernick-mcmordie
"Rachel ""CardinalRedbird"" Davidson",rachel-cardinalredbird-davidson
Aaron Cook,aaron-cook
Tomos Hywel Evans,tomos-hywel-evans
Dani Calleja,dani-calleja
Jose Martinez,jose-martinez
Milan Nikolic,milan-nikolic
Dan Sutton,dan-sutton
Jon Malloy,jon-malloy
Matt Witter,matt-witter
Tristan Moore,tristan-moore
Pete Petraitis,pete-petraitis
Rich Vogel,rich-vogel
Marwan Ansari,marwan-ansari
Rachael Schulz,rachael-schulz
Anthony Garcia,anthony-garcia
Anando Banerjee,anando-banerjee
Josh Sturgis,josh-sturgis
Josh Harvey,josh-harvey
Mario Colindres,mario-colindres
Jason Baskett,jason-baskett
Suzanne Atherly,suzanne-atherly
Joram Jacob Cruz,joram-jacob-cruz
Kenneth Camaro,kenneth-camaro
Aimy Calilung,aimy-calilung
Daniel Staton,daniel-staton
Julio Alas,julio-alas
Cynthia Jensen,cynthia-jensen
Julian Yip,julian-yip
Pedro D'Andrea,pedro-dandrea
Kevin Hsu,kevin-hsu
Paul Baker,paul-baker
Evgeniy Zaporozhets,evgeniy-zaporozhets
Alexei Dmitriev,alexei-dmitriev
Evgenia Cherkasova,evgenia-cherkasova
Dmitriy Volkovskiy,dmitriy-volkovskiy
Anton Zhikharskiy,anton-zhikharskiy
Mike Marraffa,mike-marraffa
Hugo Mares,hugo-mares
Mike Crump,mike-crump
Miguel Barragán Castro,miguel-barragan-castro
William Chang,william-chang
Tim Dean,tim-dean
Nate Marler,nate-marler
Chris Klepac,chris-klepac
Tim Staton-Davis,tim-statondavis
Dave Lawson,dave-lawson
Alexander Mejia,alexander-mejia
Steven Bell,steven-bell
Mike Smith,mike-smith
Kenny ‘stckrboy’ Cameron,kenny-stckrboy-cameron
Rachel ‘CardinalRedbird’ Davidson,rachel-cardinalredbird-davidson
Jonathan ‘Vetoed’ Dubeau,jonathan-vetoed-dubeau
Dan ‘Greenskull’ Hammill,dan-greenskull-hammill
Jennifer ‘Moto’ Hochstedler,jennifer-moto-hochstedler
Alexander ‘Shyway’ Hope,alexander-shyway-hope
Taras ‘LateNightGaming’ Hrebinka,taras-latenightgaming-hrebinka
Colton ‘Favyn’ King,colton-favyn-king
Brett ‘Naded’ Leonard,brett-naded-leonard
Nick ‘UberNick’ McMordie,nick-ubernick-mcmordie
Arturo ‘ArturBloodshot’ Pérez,arturo-arturbloodshot-perez
Dustin ‘Dust Storm’ Pettigrew,dustin-dust-storm-pettigrew
Michael ‘Viper Skills’ Roberts,michael-viper-skills-roberts
Connor ‘Gigz’ White,connor-gigz-white
Jon ‘Sikamikanico’ Clarke,jon-sikamikanico-clarke
Sean ‘Forge Labs’ Hodgins,sean-forge-labs-hodgins
Fritz ‘MythicFritz’ Lombardi,fritz-mythicfritz-lombardi
Matt ‘Nitroo’ Willis,matt-nitroo-willis
Tina Painton Clark,tina-painton-clark
Lilliolani P Blazier,lilliolani-p-blazier
Jeff Guyton,jeff-guyton
Matt Cookson,matt-cookson
Anthony Da Silva,anthony-dasilva
Anthony DaSilva,anthony-dasilva
Hakim Kazim,hakeem-kae-kazin
Sargey Mkrtumov,sergey-mkrtumov
Sergey Mkrtumov,sergey-mkrtumov
Domenic Koeplin,dominic-koeplin
Dominic Koeplin,dominic-koeplin
Rob Kehoe,robert-kehoe
Robert Kehoe,robert-kehoe
Dave Liebur,dave-lieber
Dave Lieber,dave-lieber
Ben Wommack,benjamin-j-wommack
Benjamin J. Wommack,benjamin-j-wommack
Aimee Smith,aimee-e-smith
Aimee E. Smith,aimee-e-smith
Tim Tao,tim-y-tao
Tim Y. Tao,tim-y-tao
Bre Miller,breanne-miller
Breanne Miller,breanne-miller
"Peter Zinda, MPSE, IESD",peter-zinda
Peter Zinda,peter-zinda
Justin Langely,justin-langley
Justin Langley,justin-langley
Garin R K Richards,garin-rk-richards
Garin RK Richards,garin-rk-richards
Garrett Montgomery MPSE,garrett-montgomery
Garrett Montgomery,garrett-montgomery
Georgi Elenkov PhD,georgi-elenkov
Georgi Elenkov,georgi-elenkov
Leonardo Braz,leonardo-c-braz-da-cunha
Leonardo C. Braz da Cunha,leonardo-c-braz-da-cunha
Marty O'Donnell,martin-odonnell
Martin O'Donnell,martin-odonnell
