studio,type
Virtuos Chengdu,development
Digic,development
"Sperasoft, Inc.",development
Virtuos Sparx,development
Abbey Road Studios,cinematic-sound
Lionbridge Games,development
VOLT,testing
Splash Damage,development
Axis Studios,development
YOH SERVICES LLC,development
Virtuos Shanghai,development
RANDSTAD,development
AQUENT LLC,development
LIQUID DEVELOPMENT LLC,development
COMPUCOM SYSTEMS INC,testing
Arrival,cinematic-sound
Sprung Studios LTD.,development
Behaviour Interactive,development
Xversity,development
Lionbridge Game Services,testing
Lakshya Digital Pvt Ltd,development
Mindwalk,development
Globalstep LLC,testing
Year Up Inc,development
Experis Manpower Group,testing
Pixel Mafia,development
Soundelux Design Music Group,cinematic-sound
KEYWORDS,development
COLLABERA,development
Ruffian Games,testing
ADITI,testing
London Voices,cinematic-sound
Excell,testing
Red Hot CG,development
Virtuos GlassEgg,development
NEAL ANALYTICS LLC,development
Atomhawk,development
DISYS,development
FILTER LLC,development
Xbox Game Studios,publishing
TEKSYSTEMS,development
Lionbridge Games - Accessibility,testing
Interpret LLC,development
AQUENT GAMES,development
United Front Games,development
Clatter & Din,cinematic-sound
Mandali Games,development
SWEET JUSTICE,cinematic-sound
HANSON CONSULTING GROUP,development
CompuCom,testing
The Coalition,development
Chanticleer,development
Lionbridge Gaming,testing
Abstraction,development
Pyramind Studios,development
LIONBRIDGE TECHNOLOGIES,testing
Virtuos,development
Devoted Studios,development
CounterPunch a Virtuos Studio,development
FILM SCORE LLC,cinematic-sound
Snowed In Studios - A Keywords Studio,development
KFORCE INC,development
CYPRESS HCM,development
MYRIAD CONSULTING INC,development
OF3D,development
WARNER BROTHERS,cinematic-sound
Keywords International Ltd.,testing
"24 SEVEN TOPCO, LLC",development
Room 8 Studios,development
APEX SYSTEMS INC,development
Sperasoft - A Keywords Studio,development
ARTECH,development
H10 CAPITAL,development
IFUSIONIT LLC,development
Skywalker Sound,cinematic-sound
DIGITAL INTELLIGENCE SYSTEMS,development
POPULUS GROUP LLC,development
RYLEM,development
Speech Graphics,development
VOSSLER MEDIA GROUP,development
Formosa Interactive,cinematic-sound
Ascendion Inc,development
Ninja Theory,development
FX - Chamber,development
THE JUDGE GROUP,development
HI-TECH TALENTS LLC,development
HARVEY NASH,development
FXVILLE INC,development
WIMMER SOLUTIONS CORPORATION,development
WICRESOFT,development
Prague Philharmonic Orchestra,cinematic-sound
BLUEHAWK LLC,development
"RANDSTAD NORTH AMERICA, INC",development
PRITHVI CATALYTIC INC,testing
Airship Images,development
Undead Labs,development
VIRTUOSITY,development
LINCOLN BAY COMPANY LLC,development
"Assembly Media, Inc.",development
Fireteam LTD,development
PARTLY CLOUDY GAMES LLC,development
MAQ SOFTWARE,development
CUMULUX INC,development
COROWARE,development
Randstad Digital,development
Agility Partners,development
BIBLIOSO CORPORATION,development
WABI SABI,cinematic-sound
Maq LLC,development
Quadrant Resource LLC,development
Comsys,testing
KAARBO DESIGN,development
UNISYS,development
Rare,development
The Skywalker Symphony Orchestra,cinematic-sound
Ten Gun Design,development
JEFFERYM CONSULTING LLC,development
YEAR UP PRO,development
iFusionITLLC,testing
Denny Mountain Media LLC,development
Aditi Technologies Private LTD,testing
Icertis Inc,testing
Akvelon,testing
Corlution Inc,testing
Brickred Systems LLC,testing
Xtreme Consulting Group Inc,development
Epic Records,cinematic-sound
IDEA INTEGRATION,development
FUSION IT,development
OMNI INTERACTIVE AUDIO,cinematic-sound
STARK RAVING MUSIC,cinematic-sound
VIDA VERDE LLC,development
ROSE INTERNATIONAL INC,testing
LONGTOP INTERNATIONAL LLC,development
GL33K,development
NELSON INTERACTIVE,development
IMATCH LLC,development
COOL MUSIC LTD.,cinematic-sound
GLOBAL MUSIC COPYING,cinematic-sound
STEVEN JULIANI MUSIC,cinematic-sound
ARRIBA ENTERTANMENT INC.,development
MURPHY & ASSOCIATES,development
BCforward,development
Turn 10 Studios,development
Gaming for Everyone,development
Redmond Technology Partners,development
ALLEGIS,development
LAKSHYA DIGITAL,development
DIGITAL INTELLIGENCE,development
KELLY MITCHELL GROUP,development
ARGENT SECURITY LLC,development
CYPRUS HUMAN CAPITAL,development
ARTECH CONSULTING LLC,development
Pixel Smash Ltd,development
YOH OF CANADA CORP.,development
"COLLABERA CANADA, INC",development
AQUENT LLC - CANADA,development
MIGHTY CANVAS CONCEPT STUDIO INC.,development
LIONSHEAD ENTERTAINMENT,cinematic-sound
LAUNCH CONSULTING,development
DAHER ACQUISITIONS INC,development
ARVATO SCM IRELAND LIMITED,development
MEYERS SUPPLY CHAIN SERVICES,development
ARVATO SERVICES IRELAND LTD,development
NEIN COMPANY LTD.,development
CREATIVE MINX MARKETING,development
BLUEPRINT TECHNOLOGIES,development
DESIGNIT,development
DYSIS,development
ALLEGIS GROUP SERVICES,development
I HEAR YOU PRODUCTIONS,development
GREEN STREET STUDIOS,cinematic-sound
SIDE LA,cinematic-sound
KPOW AUDIO,cinematic-sound
Dakota Music,cinematic-sound
Blue Hawk Analytics,development
Cyprus Human Capital Management,development
YOH,development
Cypress Human Capital Management,development
RAGEN SWAN PLLC,development
Hanson Consulting LLC,development
Coroware Technologies Inc,development
Amaxra,development
"Run Studios, LLC",development
VMC Consulting Corporation,development
Aditi Technologies,development
Aditi Staffing LLC,development
Panther Modern,cinematic-sound
TotalAudio,cinematic-sound
Perhapsatron,development
Frameshift,development
The Harmony Hut,cinematic-sound
